outcome,group,mean_signed_contribution,mean_absolute_contribution,pair_count
Incorrect,Goal/entity alignment,-0.042378209049375934,0.10897612005002202,113
Incorrect,Verified effects,-0.3064031399466729,0.840936890127095,113
Incorrect,Action schema,-0.18160836930053714,0.8329679633894197,113
Incorrect,Search/history,-0.15732724784076507,0.4331307419433172,113
Incorrect,Lexical context,-0.16542875338779883,0.3571316518754304,113
Incorrect,Entity context,-0.18309673371226323,0.5752214131168611,113
Correct,Goal/entity alignment,0.11199155782448213,0.14593708802600547,1003
Correct,Verified effects,1.429300557897083,1.9186979922356997,1003
Correct,Action schema,1.2018448074302908,1.9703184532304014,1003
Correct,Search/history,-0.11340468220827438,0.2686632040829918,1003
Correct,Lexical context,0.16410097002960167,0.43996046406667033,1003
Correct,Entity context,1.0093957077281601,1.2968747935162384,1003
