method,family,success,total,completion_percent
Actor,look_at_obj_in_light,18,18,100.0
Actor,pick_and_place_simple,15,24,62.5
Actor,pick_clean_then_place_in_recep,12,31,38.70967741935484
Actor,pick_cool_then_place_in_recep,7,21,33.333333333333336
Actor,pick_heat_then_place_in_recep,9,23,39.130434782608695
Actor,pick_two_obj_and_place,8,17,47.05882352941177
Residual,look_at_obj_in_light,12,18,66.66666666666667
Residual,pick_and_place_simple,15,24,62.5
Residual,pick_clean_then_place_in_recep,5,31,16.129032258064516
Residual,pick_cool_then_place_in_recep,12,21,57.142857142857146
Residual,pick_heat_then_place_in_recep,15,23,65.21739130434783
Residual,pick_two_obj_and_place,12,17,70.58823529411765
Structured,look_at_obj_in_light,18,18,100.0
Structured,pick_and_place_simple,17,24,70.83333333333333
Structured,pick_clean_then_place_in_recep,18,31,58.064516129032256
Structured,pick_cool_then_place_in_recep,12,21,57.142857142857146
Structured,pick_heat_then_place_in_recep,15,23,65.21739130434783
Structured,pick_two_obj_and_place,14,17,82.3529411764706
VCPS,look_at_obj_in_light,17,18,94.44444444444444
VCPS,pick_and_place_simple,21,24,87.5
VCPS,pick_clean_then_place_in_recep,27,31,87.09677419354838
VCPS,pick_cool_then_place_in_recep,20,21,95.23809523809524
VCPS,pick_heat_then_place_in_recep,23,23,100.0
VCPS,pick_two_obj_and_place,16,17,94.11764705882354
